-- phpMyAdmin SQL Dump
-- version 4.7.6
-- https://www.phpmyadmin.net/
--
-- Host: localhost
-- Generation Time: Dec 18, 2017 at 04:26 PM
-- Server version: 10.1.29-MariaDB
-- PHP Version: 7.2.0

SET SQL_MODE = "NO_AUTO_VALUE_ON_ZERO";
SET AUTOCOMMIT = 0;
START TRANSACTION;
SET time_zone = "+00:00";


/*!40101 SET @OLD_CHARACTER_SET_CLIENT = @@CHARACTER_SET_CLIENT */;
/*!40101 SET @OLD_CHARACTER_SET_RESULTS = @@CHARACTER_SET_RESULTS */;
/*!40101 SET @OLD_COLLATION_CONNECTION = @@COLLATION_CONNECTION */;
/*!40101 SET NAMES utf8mb4 */;

--
-- Database: `vending_machine`
--

-- --------------------------------------------------------

--
-- Table structure for table `active_days`
--

CREATE TABLE `active_days` (
  `machine_id` INT(11) NOT NULL,
  `day_id`     INT(11) NOT NULL
)
  ENGINE = InnoDB
  DEFAULT CHARSET = utf8mb4
  COLLATE = utf8mb4_unicode_ci;

-- --------------------------------------------------------

--
-- Table structure for table `cells`
--

CREATE TABLE `cells` (
  `cell_id`            INT(11) NOT NULL,
  `vending_machine_id` INT(11) NOT NULL,
  `cell_row`           INT(11) NOT NULL,
  `cell_column`        INT(11) NOT NULL,
  `combined_cell`      INT(11) NOT NULL,
  `cell_date_created`  DATE    NOT NULL,
  `cell_date_updated`  DATE    NOT NULL
)
  ENGINE = InnoDB
  DEFAULT CHARSET = utf8mb4
  COLLATE = utf8mb4_unicode_ci;

--
-- Dumping data for table `cells`
--

INSERT INTO `cells` (`cell_id`, `vending_machine_id`, `cell_row`, `cell_column`, `combined_cell`, `cell_date_created`, `cell_date_updated`)
VALUES
  (1630144, 768, 0, 0, 0, '2017-11-28', '0000-00-00'),
  (1630145, 768, 0, 1, 0, '2017-11-28', '0000-00-00'),
  (1630146, 768, 0, 2, 0, '2017-11-28', '0000-00-00'),
  (1630147, 768, 1, 0, 0, '2017-11-28', '0000-00-00'),
  (1630148, 768, 1, 1, 0, '2017-11-28', '0000-00-00'),
  (1630149, 768, 1, 2, 0, '2017-11-28', '0000-00-00'),
  (1630150, 768, 2, 0, 0, '2017-11-28', '0000-00-00'),
  (1630151, 768, 2, 1, 0, '2017-11-28', '0000-00-00'),
  (1630152, 768, 2, 2, 0, '2017-11-28', '0000-00-00'),
  (1630153, 769, 0, 0, 0, '2017-11-29', '0000-00-00'),
  (1630154, 769, 0, 1, 0, '2017-11-29', '0000-00-00'),
  (1630155, 769, 0, 2, 0, '2017-11-29', '0000-00-00'),
  (1630156, 769, 0, 3, 0, '2017-11-29', '0000-00-00'),
  (1630157, 769, 0, 4, 0, '2017-11-29', '0000-00-00'),
  (1630158, 769, 0, 5, 0, '2017-11-29', '0000-00-00'),
  (1630159, 769, 0, 6, 0, '2017-11-29', '0000-00-00'),
  (1630160, 769, 0, 7, 0, '2017-11-29', '0000-00-00'),
  (1630161, 769, 0, 8, 0, '2017-11-29', '0000-00-00'),
  (1630162, 769, 0, 9, 0, '2017-11-29', '0000-00-00'),
  (1630163, 769, 0, 10, 0, '2017-11-29', '0000-00-00'),
  (1630164, 769, 0, 11, 0, '2017-11-29', '0000-00-00'),
  (1630165, 769, 0, 12, 0, '2017-11-29', '0000-00-00'),
  (1630166, 769, 0, 13, 0, '2017-11-29', '0000-00-00'),
  (1630167, 769, 0, 14, 0, '2017-11-29', '0000-00-00'),
  (1630168, 769, 0, 15, 0, '2017-11-29', '0000-00-00'),
  (1630169, 769, 0, 16, 0, '2017-11-29', '0000-00-00'),
  (1630170, 769, 0, 17, 0, '2017-11-29', '0000-00-00'),
  (1630171, 769, 0, 18, 0, '2017-11-29', '0000-00-00'),
  (1630172, 769, 0, 19, 0, '2017-11-29', '0000-00-00'),
  (1630173, 769, 0, 20, 0, '2017-11-29', '0000-00-00'),
  (1630174, 769, 0, 21, 0, '2017-11-29', '0000-00-00'),
  (1630175, 769, 0, 22, 0, '2017-11-29', '0000-00-00'),
  (1630176, 769, 0, 23, 0, '2017-11-29', '0000-00-00'),
  (1630177, 769, 0, 24, 0, '2017-11-29', '0000-00-00'),
  (1630178, 769, 0, 25, 0, '2017-11-29', '0000-00-00'),
  (1630179, 769, 0, 26, 0, '2017-11-29', '0000-00-00'),
  (1630180, 769, 0, 27, 0, '2017-11-29', '0000-00-00'),
  (1630181, 769, 0, 28, 0, '2017-11-29', '0000-00-00'),
  (1630182, 769, 0, 29, 0, '2017-11-29', '0000-00-00'),
  (1630183, 769, 0, 30, 0, '2017-11-29', '0000-00-00'),
  (1630184, 769, 0, 31, 0, '2017-11-29', '0000-00-00'),
  (1630185, 769, 0, 32, 0, '2017-11-29', '0000-00-00'),
  (1630186, 769, 0, 33, 0, '2017-11-29', '0000-00-00'),
  (1630187, 769, 0, 34, 0, '2017-11-29', '0000-00-00'),
  (1630188, 769, 0, 35, 0, '2017-11-29', '0000-00-00'),
  (1630189, 769, 0, 36, 0, '2017-11-29', '0000-00-00'),
  (1630190, 769, 0, 37, 0, '2017-11-29', '0000-00-00'),
  (1630191, 769, 0, 38, 0, '2017-11-29', '0000-00-00'),
  (1630192, 769, 0, 39, 0, '2017-11-29', '0000-00-00'),
  (1630193, 769, 0, 40, 0, '2017-11-29', '0000-00-00'),
  (1630194, 769, 0, 41, 0, '2017-11-29', '0000-00-00'),
  (1630195, 769, 0, 42, 0, '2017-11-29', '0000-00-00'),
  (1630196, 769, 0, 43, 0, '2017-11-29', '0000-00-00'),
  (1630197, 769, 0, 44, 0, '2017-11-29', '0000-00-00'),
  (1630198, 769, 0, 45, 0, '2017-11-29', '0000-00-00'),
  (1630199, 769, 0, 46, 0, '2017-11-29', '0000-00-00'),
  (1630200, 769, 0, 47, 0, '2017-11-29', '0000-00-00'),
  (1630201, 769, 0, 48, 0, '2017-11-29', '0000-00-00'),
  (1630202, 769, 0, 49, 0, '2017-11-29', '0000-00-00'),
  (1630203, 769, 0, 50, 0, '2017-11-29', '0000-00-00'),
  (1630204, 769, 0, 51, 0, '2017-11-29', '0000-00-00'),
  (1630205, 769, 0, 52, 0, '2017-11-29', '0000-00-00'),
  (1630206, 769, 0, 53, 0, '2017-11-29', '0000-00-00'),
  (1630207, 769, 0, 54, 0, '2017-11-29', '0000-00-00'),
  (1630208, 769, 1, 0, 0, '2017-11-29', '0000-00-00'),
  (1630209, 769, 1, 1, 0, '2017-11-29', '0000-00-00'),
  (1630210, 769, 1, 2, 0, '2017-11-29', '0000-00-00'),
  (1630211, 769, 1, 3, 0, '2017-11-29', '0000-00-00'),
  (1630212, 769, 1, 4, 0, '2017-11-29', '0000-00-00'),
  (1630213, 769, 1, 5, 0, '2017-11-29', '0000-00-00'),
  (1630214, 769, 1, 6, 0, '2017-11-29', '0000-00-00'),
  (1630215, 769, 1, 7, 0, '2017-11-29', '0000-00-00'),
  (1630216, 769, 1, 8, 0, '2017-11-29', '0000-00-00'),
  (1630217, 769, 1, 9, 0, '2017-11-29', '0000-00-00'),
  (1630218, 769, 1, 10, 0, '2017-11-29', '0000-00-00'),
  (1630219, 769, 1, 11, 0, '2017-11-29', '0000-00-00'),
  (1630220, 769, 1, 12, 0, '2017-11-29', '0000-00-00'),
  (1630221, 769, 1, 13, 0, '2017-11-29', '0000-00-00'),
  (1630222, 769, 1, 14, 0, '2017-11-29', '0000-00-00'),
  (1630223, 769, 1, 15, 0, '2017-11-29', '0000-00-00'),
  (1630224, 769, 1, 16, 0, '2017-11-29', '0000-00-00'),
  (1630225, 769, 1, 17, 0, '2017-11-29', '0000-00-00'),
  (1630226, 769, 1, 18, 0, '2017-11-29', '0000-00-00'),
  (1630227, 769, 1, 19, 0, '2017-11-29', '0000-00-00'),
  (1630228, 769, 1, 20, 0, '2017-11-29', '0000-00-00'),
  (1630229, 769, 1, 21, 0, '2017-11-29', '0000-00-00'),
  (1630230, 769, 1, 22, 0, '2017-11-29', '0000-00-00'),
  (1630231, 769, 1, 23, 0, '2017-11-29', '0000-00-00'),
  (1630232, 769, 1, 24, 0, '2017-11-29', '0000-00-00'),
  (1630233, 769, 1, 25, 0, '2017-11-29', '0000-00-00'),
  (1630234, 769, 1, 26, 0, '2017-11-29', '0000-00-00'),
  (1630235, 769, 1, 27, 0, '2017-11-29', '0000-00-00'),
  (1630236, 769, 1, 28, 0, '2017-11-29', '0000-00-00'),
  (1630237, 769, 1, 29, 0, '2017-11-29', '0000-00-00'),
  (1630238, 769, 1, 30, 0, '2017-11-29', '0000-00-00'),
  (1630239, 769, 1, 31, 0, '2017-11-29', '0000-00-00'),
  (1630240, 769, 1, 32, 0, '2017-11-29', '0000-00-00'),
  (1630241, 769, 1, 33, 0, '2017-11-29', '0000-00-00'),
  (1630242, 769, 1, 34, 0, '2017-11-29', '0000-00-00'),
  (1630243, 769, 1, 35, 0, '2017-11-29', '0000-00-00'),
  (1630244, 769, 1, 36, 0, '2017-11-29', '0000-00-00'),
  (1630245, 769, 1, 37, 0, '2017-11-29', '0000-00-00'),
  (1630246, 769, 1, 38, 0, '2017-11-29', '0000-00-00'),
  (1630247, 769, 1, 39, 0, '2017-11-29', '0000-00-00'),
  (1630248, 769, 1, 40, 0, '2017-11-29', '0000-00-00'),
  (1630249, 769, 1, 41, 0, '2017-11-29', '0000-00-00'),
  (1630250, 769, 1, 42, 0, '2017-11-29', '0000-00-00'),
  (1630251, 769, 1, 43, 0, '2017-11-29', '0000-00-00'),
  (1630252, 769, 1, 44, 0, '2017-11-29', '0000-00-00'),
  (1630253, 769, 1, 45, 0, '2017-11-29', '0000-00-00'),
  (1630254, 769, 1, 46, 0, '2017-11-29', '0000-00-00'),
  (1630255, 769, 1, 47, 0, '2017-11-29', '0000-00-00'),
  (1630256, 769, 1, 48, 0, '2017-11-29', '0000-00-00'),
  (1630257, 769, 1, 49, 0, '2017-11-29', '0000-00-00'),
  (1630258, 769, 1, 50, 0, '2017-11-29', '0000-00-00'),
  (1630259, 769, 1, 51, 0, '2017-11-29', '0000-00-00'),
  (1630260, 769, 1, 52, 0, '2017-11-29', '0000-00-00'),
  (1630261, 769, 1, 53, 0, '2017-11-29', '0000-00-00'),
  (1630262, 769, 1, 54, 0, '2017-11-29', '0000-00-00'),
  (1630263, 769, 2, 0, 0, '2017-11-29', '0000-00-00'),
  (1630264, 769, 2, 1, 0, '2017-11-29', '0000-00-00'),
  (1630265, 769, 2, 2, 0, '2017-11-29', '0000-00-00'),
  (1630266, 769, 2, 3, 0, '2017-11-29', '0000-00-00'),
  (1630267, 769, 2, 4, 0, '2017-11-29', '0000-00-00'),
  (1630268, 769, 2, 5, 0, '2017-11-29', '0000-00-00'),
  (1630269, 769, 2, 6, 0, '2017-11-29', '0000-00-00'),
  (1630270, 769, 2, 7, 0, '2017-11-29', '0000-00-00'),
  (1630271, 769, 2, 8, 0, '2017-11-29', '0000-00-00'),
  (1630272, 769, 2, 9, 0, '2017-11-29', '0000-00-00'),
  (1630273, 769, 2, 10, 0, '2017-11-29', '0000-00-00'),
  (1630274, 769, 2, 11, 0, '2017-11-29', '0000-00-00'),
  (1630275, 769, 2, 12, 0, '2017-11-29', '0000-00-00'),
  (1630276, 769, 2, 13, 0, '2017-11-29', '0000-00-00'),
  (1630277, 769, 2, 14, 0, '2017-11-29', '0000-00-00'),
  (1630278, 769, 2, 15, 0, '2017-11-29', '0000-00-00'),
  (1630279, 769, 2, 16, 0, '2017-11-29', '0000-00-00'),
  (1630280, 769, 2, 17, 0, '2017-11-29', '0000-00-00'),
  (1630281, 769, 2, 18, 0, '2017-11-29', '0000-00-00'),
  (1630282, 769, 2, 19, 0, '2017-11-29', '0000-00-00'),
  (1630283, 769, 2, 20, 0, '2017-11-29', '0000-00-00'),
  (1630284, 769, 2, 21, 0, '2017-11-29', '0000-00-00'),
  (1630285, 769, 2, 22, 0, '2017-11-29', '0000-00-00'),
  (1630286, 769, 2, 23, 0, '2017-11-29', '0000-00-00'),
  (1630287, 769, 2, 24, 0, '2017-11-29', '0000-00-00'),
  (1630288, 769, 2, 25, 0, '2017-11-29', '0000-00-00'),
  (1630289, 769, 2, 26, 0, '2017-11-29', '0000-00-00'),
  (1630290, 769, 2, 27, 0, '2017-11-29', '0000-00-00'),
  (1630291, 769, 2, 28, 0, '2017-11-29', '0000-00-00'),
  (1630292, 769, 2, 29, 0, '2017-11-29', '0000-00-00'),
  (1630293, 769, 2, 30, 0, '2017-11-29', '0000-00-00'),
  (1630294, 769, 2, 31, 0, '2017-11-29', '0000-00-00'),
  (1630295, 769, 2, 32, 0, '2017-11-29', '0000-00-00'),
  (1630296, 769, 2, 33, 0, '2017-11-29', '0000-00-00'),
  (1630297, 769, 2, 34, 0, '2017-11-29', '0000-00-00'),
  (1630298, 769, 2, 35, 0, '2017-11-29', '0000-00-00'),
  (1630299, 769, 2, 36, 0, '2017-11-29', '0000-00-00'),
  (1630300, 769, 2, 37, 0, '2017-11-29', '0000-00-00'),
  (1630301, 769, 2, 38, 0, '2017-11-29', '0000-00-00'),
  (1630302, 769, 2, 39, 0, '2017-11-29', '0000-00-00'),
  (1630303, 769, 2, 40, 0, '2017-11-29', '0000-00-00'),
  (1630304, 769, 2, 41, 0, '2017-11-29', '0000-00-00'),
  (1630305, 769, 2, 42, 0, '2017-11-29', '0000-00-00'),
  (1630306, 769, 2, 43, 0, '2017-11-29', '0000-00-00'),
  (1630307, 769, 2, 44, 0, '2017-11-29', '0000-00-00'),
  (1630308, 769, 2, 45, 0, '2017-11-29', '0000-00-00'),
  (1630309, 769, 2, 46, 0, '2017-11-29', '0000-00-00'),
  (1630310, 769, 2, 47, 0, '2017-11-29', '0000-00-00'),
  (1630311, 769, 2, 48, 0, '2017-11-29', '0000-00-00'),
  (1630312, 769, 2, 49, 0, '2017-11-29', '0000-00-00'),
  (1630313, 769, 2, 50, 0, '2017-11-29', '0000-00-00'),
  (1630314, 769, 2, 51, 0, '2017-11-29', '0000-00-00'),
  (1630315, 769, 2, 52, 0, '2017-11-29', '0000-00-00'),
  (1630316, 769, 2, 53, 0, '2017-11-29', '0000-00-00'),
  (1630317, 769, 2, 54, 0, '2017-11-29', '0000-00-00'),
  (1630318, 769, 3, 0, 0, '2017-11-29', '0000-00-00'),
  (1630319, 769, 3, 1, 0, '2017-11-29', '0000-00-00'),
  (1630320, 769, 3, 2, 0, '2017-11-29', '0000-00-00'),
  (1630321, 769, 3, 3, 0, '2017-11-29', '0000-00-00'),
  (1630322, 769, 3, 4, 0, '2017-11-29', '0000-00-00'),
  (1630323, 769, 3, 5, 0, '2017-11-29', '0000-00-00'),
  (1630324, 769, 3, 6, 0, '2017-11-29', '0000-00-00'),
  (1630325, 769, 3, 7, 0, '2017-11-29', '0000-00-00'),
  (1630326, 769, 3, 8, 0, '2017-11-29', '0000-00-00'),
  (1630327, 769, 3, 9, 0, '2017-11-29', '0000-00-00'),
  (1630328, 769, 3, 10, 0, '2017-11-29', '0000-00-00'),
  (1630329, 769, 3, 11, 0, '2017-11-29', '0000-00-00'),
  (1630330, 769, 3, 12, 0, '2017-11-29', '0000-00-00'),
  (1630331, 769, 3, 13, 0, '2017-11-29', '0000-00-00'),
  (1630332, 769, 3, 14, 0, '2017-11-29', '0000-00-00'),
  (1630333, 769, 3, 15, 0, '2017-11-29', '0000-00-00'),
  (1630334, 769, 3, 16, 0, '2017-11-29', '0000-00-00'),
  (1630335, 769, 3, 17, 0, '2017-11-29', '0000-00-00'),
  (1630336, 769, 3, 18, 0, '2017-11-29', '0000-00-00'),
  (1630337, 769, 3, 19, 0, '2017-11-29', '0000-00-00'),
  (1630338, 769, 3, 20, 0, '2017-11-29', '0000-00-00'),
  (1630339, 769, 3, 21, 0, '2017-11-29', '0000-00-00'),
  (1630340, 769, 3, 22, 0, '2017-11-29', '0000-00-00'),
  (1630341, 769, 3, 23, 0, '2017-11-29', '0000-00-00'),
  (1630342, 769, 3, 24, 0, '2017-11-29', '0000-00-00'),
  (1630343, 769, 3, 25, 0, '2017-11-29', '0000-00-00'),
  (1630344, 769, 3, 26, 0, '2017-11-29', '0000-00-00'),
  (1630345, 769, 3, 27, 0, '2017-11-29', '0000-00-00'),
  (1630346, 769, 3, 28, 0, '2017-11-29', '0000-00-00'),
  (1630347, 769, 3, 29, 0, '2017-11-29', '0000-00-00'),
  (1630348, 769, 3, 30, 0, '2017-11-29', '0000-00-00'),
  (1630349, 769, 3, 31, 0, '2017-11-29', '0000-00-00'),
  (1630350, 769, 3, 32, 0, '2017-11-29', '0000-00-00'),
  (1630351, 769, 3, 33, 0, '2017-11-29', '0000-00-00'),
  (1630352, 769, 3, 34, 0, '2017-11-29', '0000-00-00'),
  (1630353, 769, 3, 35, 0, '2017-11-29', '0000-00-00'),
  (1630354, 769, 3, 36, 0, '2017-11-29', '0000-00-00'),
  (1630355, 769, 3, 37, 0, '2017-11-29', '0000-00-00'),
  (1630356, 769, 3, 38, 0, '2017-11-29', '0000-00-00'),
  (1630357, 769, 3, 39, 0, '2017-11-29', '0000-00-00'),
  (1630358, 769, 3, 40, 0, '2017-11-29', '0000-00-00'),
  (1630359, 769, 3, 41, 0, '2017-11-29', '0000-00-00'),
  (1630360, 769, 3, 42, 0, '2017-11-29', '0000-00-00'),
  (1630361, 769, 3, 43, 0, '2017-11-29', '0000-00-00'),
  (1630362, 769, 3, 44, 0, '2017-11-29', '0000-00-00'),
  (1630363, 769, 3, 45, 0, '2017-11-29', '0000-00-00'),
  (1630364, 769, 3, 46, 0, '2017-11-29', '0000-00-00'),
  (1630365, 769, 3, 47, 0, '2017-11-29', '0000-00-00'),
  (1630366, 769, 3, 48, 0, '2017-11-29', '0000-00-00'),
  (1630367, 769, 3, 49, 0, '2017-11-29', '0000-00-00'),
  (1630368, 769, 3, 50, 0, '2017-11-29', '0000-00-00'),
  (1630369, 769, 3, 51, 0, '2017-11-29', '0000-00-00'),
  (1630370, 769, 3, 52, 0, '2017-11-29', '0000-00-00'),
  (1630371, 769, 3, 53, 0, '2017-11-29', '0000-00-00'),
  (1630372, 769, 3, 54, 0, '2017-11-29', '0000-00-00'),
  (1630373, 769, 4, 0, 0, '2017-11-29', '0000-00-00'),
  (1630374, 769, 4, 1, 0, '2017-11-29', '0000-00-00'),
  (1630375, 769, 4, 2, 0, '2017-11-29', '0000-00-00'),
  (1630376, 769, 4, 3, 0, '2017-11-29', '0000-00-00'),
  (1630377, 769, 4, 4, 0, '2017-11-29', '0000-00-00'),
  (1630378, 769, 4, 5, 0, '2017-11-29', '0000-00-00'),
  (1630379, 769, 4, 6, 0, '2017-11-29', '0000-00-00'),
  (1630380, 769, 4, 7, 0, '2017-11-29', '0000-00-00'),
  (1630381, 769, 4, 8, 0, '2017-11-29', '0000-00-00'),
  (1630382, 769, 4, 9, 0, '2017-11-29', '0000-00-00'),
  (1630383, 769, 4, 10, 0, '2017-11-29', '0000-00-00'),
  (1630384, 769, 4, 11, 0, '2017-11-29', '0000-00-00'),
  (1630385, 769, 4, 12, 0, '2017-11-29', '0000-00-00'),
  (1630386, 769, 4, 13, 0, '2017-11-29', '0000-00-00'),
  (1630387, 769, 4, 14, 0, '2017-11-29', '0000-00-00'),
  (1630388, 769, 4, 15, 0, '2017-11-29', '0000-00-00'),
  (1630389, 769, 4, 16, 0, '2017-11-29', '0000-00-00'),
  (1630390, 769, 4, 17, 0, '2017-11-29', '0000-00-00'),
  (1630391, 769, 4, 18, 0, '2017-11-29', '0000-00-00'),
  (1630392, 769, 4, 19, 0, '2017-11-29', '0000-00-00'),
  (1630393, 769, 4, 20, 0, '2017-11-29', '0000-00-00'),
  (1630394, 769, 4, 21, 0, '2017-11-29', '0000-00-00'),
  (1630395, 769, 4, 22, 0, '2017-11-29', '0000-00-00'),
  (1630396, 769, 4, 23, 0, '2017-11-29', '0000-00-00'),
  (1630397, 769, 4, 24, 0, '2017-11-29', '0000-00-00'),
  (1630398, 769, 4, 25, 0, '2017-11-29', '0000-00-00'),
  (1630399, 769, 4, 26, 0, '2017-11-29', '0000-00-00'),
  (1630400, 769, 4, 27, 0, '2017-11-29', '0000-00-00'),
  (1630401, 769, 4, 28, 0, '2017-11-29', '0000-00-00'),
  (1630402, 769, 4, 29, 0, '2017-11-29', '0000-00-00'),
  (1630403, 769, 4, 30, 0, '2017-11-29', '0000-00-00'),
  (1630404, 769, 4, 31, 0, '2017-11-29', '0000-00-00'),
  (1630405, 769, 4, 32, 0, '2017-11-29', '0000-00-00'),
  (1630406, 769, 4, 33, 0, '2017-11-29', '0000-00-00'),
  (1630407, 769, 4, 34, 0, '2017-11-29', '0000-00-00'),
  (1630408, 769, 4, 35, 0, '2017-11-29', '0000-00-00'),
  (1630409, 769, 4, 36, 0, '2017-11-29', '0000-00-00'),
  (1630410, 769, 4, 37, 0, '2017-11-29', '0000-00-00'),
  (1630411, 769, 4, 38, 0, '2017-11-29', '0000-00-00'),
  (1630412, 769, 4, 39, 0, '2017-11-29', '0000-00-00'),
  (1630413, 769, 4, 40, 0, '2017-11-29', '0000-00-00'),
  (1630414, 769, 4, 41, 0, '2017-11-29', '0000-00-00'),
  (1630415, 769, 4, 42, 0, '2017-11-29', '0000-00-00'),
  (1630416, 769, 4, 43, 0, '2017-11-29', '0000-00-00'),
  (1630417, 769, 4, 44, 0, '2017-11-29', '0000-00-00'),
  (1630418, 769, 4, 45, 0, '2017-11-29', '0000-00-00'),
  (1630419, 769, 4, 46, 0, '2017-11-29', '0000-00-00'),
  (1630420, 769, 4, 47, 0, '2017-11-29', '0000-00-00'),
  (1630421, 769, 4, 48, 0, '2017-11-29', '0000-00-00'),
  (1630422, 769, 4, 49, 0, '2017-11-29', '0000-00-00'),
  (1630423, 769, 4, 50, 0, '2017-11-29', '0000-00-00'),
  (1630424, 769, 4, 51, 0, '2017-11-29', '0000-00-00'),
  (1630425, 769, 4, 52, 0, '2017-11-29', '0000-00-00'),
  (1630426, 769, 4, 53, 0, '2017-11-29', '0000-00-00'),
  (1630427, 769, 4, 54, 0, '2017-11-29', '0000-00-00'),
  (1630428, 770, 0, 0, 0, '2017-12-04', '0000-00-00'),
  (1630429, 770, 0, 1, 0, '2017-12-04', '0000-00-00'),
  (1630430, 770, 0, 2, 0, '2017-12-04', '0000-00-00'),
  (1630431, 770, 0, 3, 0, '2017-12-04', '0000-00-00'),
  (1630432, 770, 0, 4, 0, '2017-12-04', '0000-00-00'),
  (1630433, 770, 1, 0, 0, '2017-12-04', '0000-00-00'),
  (1630434, 770, 1, 1, 0, '2017-12-04', '0000-00-00'),
  (1630435, 770, 1, 2, 0, '2017-12-04', '0000-00-00'),
  (1630436, 770, 1, 3, 0, '2017-12-04', '0000-00-00'),
  (1630437, 770, 1, 4, 0, '2017-12-04', '0000-00-00'),
  (1630438, 770, 2, 0, 0, '2017-12-04', '0000-00-00'),
  (1630439, 770, 2, 1, 0, '2017-12-04', '0000-00-00'),
  (1630440, 770, 2, 2, 0, '2017-12-04', '0000-00-00'),
  (1630441, 770, 2, 3, 0, '2017-12-04', '0000-00-00'),
  (1630442, 770, 2, 4, 0, '2017-12-04', '0000-00-00'),
  (1630443, 770, 3, 0, 0, '2017-12-04', '0000-00-00'),
  (1630444, 770, 3, 1, 0, '2017-12-04', '0000-00-00'),
  (1630445, 770, 3, 2, 0, '2017-12-04', '0000-00-00'),
  (1630446, 770, 3, 3, 0, '2017-12-04', '0000-00-00'),
  (1630447, 770, 3, 4, 0, '2017-12-04', '0000-00-00'),
  (1630448, 770, 4, 0, 0, '2017-12-04', '0000-00-00'),
  (1630449, 770, 4, 1, 0, '2017-12-04', '0000-00-00'),
  (1630450, 770, 4, 2, 0, '2017-12-04', '0000-00-00'),
  (1630451, 770, 4, 3, 0, '2017-12-04', '0000-00-00'),
  (1630452, 770, 4, 4, 0, '2017-12-04', '0000-00-00'),
  (1630453, 771, 0, 0, 0, '2017-12-04', '0000-00-00'),
  (1630454, 771, 0, 1, 0, '2017-12-04', '0000-00-00'),
  (1630455, 771, 0, 2, 0, '2017-12-04', '0000-00-00'),
  (1630456, 771, 0, 3, 0, '2017-12-04', '0000-00-00'),
  (1630457, 771, 0, 4, 0, '2017-12-04', '0000-00-00'),
  (1630458, 771, 1, 0, 0, '2017-12-04', '0000-00-00'),
  (1630459, 771, 1, 1, 0, '2017-12-04', '0000-00-00'),
  (1630460, 771, 1, 2, 0, '2017-12-04', '0000-00-00'),
  (1630461, 771, 1, 3, 0, '2017-12-04', '0000-00-00'),
  (1630462, 771, 1, 4, 0, '2017-12-04', '0000-00-00'),
  (1630463, 771, 2, 0, 0, '2017-12-04', '0000-00-00'),
  (1630464, 771, 2, 1, 0, '2017-12-04', '0000-00-00'),
  (1630465, 771, 2, 2, 0, '2017-12-04', '0000-00-00'),
  (1630466, 771, 2, 3, 0, '2017-12-04', '0000-00-00'),
  (1630467, 771, 2, 4, 0, '2017-12-04', '0000-00-00'),
  (1630468, 771, 3, 0, 0, '2017-12-04', '0000-00-00'),
  (1630469, 771, 3, 1, 0, '2017-12-04', '0000-00-00'),
  (1630470, 771, 3, 2, 0, '2017-12-04', '0000-00-00'),
  (1630471, 771, 3, 3, 0, '2017-12-04', '0000-00-00'),
  (1630472, 771, 3, 4, 0, '2017-12-04', '0000-00-00'),
  (1630473, 771, 4, 0, 0, '2017-12-04', '0000-00-00'),
  (1630474, 771, 4, 1, 0, '2017-12-04', '0000-00-00'),
  (1630475, 771, 4, 2, 0, '2017-12-04', '0000-00-00'),
  (1630476, 771, 4, 3, 0, '2017-12-04', '0000-00-00'),
  (1630477, 771, 4, 4, 0, '2017-12-04', '0000-00-00'),
  (1630478, 772, 0, 0, 0, '2017-12-04', '0000-00-00'),
  (1630479, 772, 0, 1, 0, '2017-12-04', '0000-00-00'),
  (1630480, 772, 0, 2, 0, '2017-12-04', '0000-00-00'),
  (1630481, 772, 0, 3, 0, '2017-12-04', '0000-00-00'),
  (1630482, 772, 0, 4, 0, '2017-12-04', '0000-00-00'),
  (1630483, 772, 1, 0, 0, '2017-12-04', '0000-00-00'),
  (1630484, 772, 1, 1, 0, '2017-12-04', '0000-00-00'),
  (1630485, 772, 1, 2, 0, '2017-12-04', '0000-00-00'),
  (1630486, 772, 1, 3, 0, '2017-12-04', '0000-00-00'),
  (1630487, 772, 1, 4, 0, '2017-12-04', '0000-00-00'),
  (1630488, 772, 2, 0, 0, '2017-12-04', '0000-00-00'),
  (1630489, 772, 2, 1, 0, '2017-12-04', '0000-00-00'),
  (1630490, 772, 2, 2, 0, '2017-12-04', '0000-00-00'),
  (1630491, 772, 2, 3, 0, '2017-12-04', '0000-00-00'),
  (1630492, 772, 2, 4, 0, '2017-12-04', '0000-00-00'),
  (1630493, 772, 3, 0, 0, '2017-12-04', '0000-00-00'),
  (1630494, 772, 3, 1, 0, '2017-12-04', '0000-00-00'),
  (1630495, 772, 3, 2, 0, '2017-12-04', '0000-00-00'),
  (1630496, 772, 3, 3, 0, '2017-12-04', '0000-00-00'),
  (1630497, 772, 3, 4, 0, '2017-12-04', '0000-00-00'),
  (1630498, 772, 4, 0, 0, '2017-12-04', '0000-00-00'),
  (1630499, 772, 4, 1, 0, '2017-12-04', '0000-00-00'),
  (1630500, 772, 4, 2, 0, '2017-12-04', '0000-00-00'),
  (1630501, 772, 4, 3, 0, '2017-12-04', '0000-00-00'),
  (1630502, 772, 4, 4, 0, '2017-12-04', '0000-00-00'),
  (1630503, 773, 0, 0, 0, '2017-12-04', '0000-00-00'),
  (1630504, 773, 0, 1, 0, '2017-12-04', '0000-00-00'),
  (1630505, 773, 0, 2, 0, '2017-12-04', '0000-00-00'),
  (1630506, 773, 0, 3, 0, '2017-12-04', '0000-00-00'),
  (1630507, 773, 0, 4, 0, '2017-12-04', '0000-00-00'),
  (1630508, 773, 0, 5, 0, '2017-12-04', '0000-00-00'),
  (1630509, 773, 0, 6, 0, '2017-12-04', '0000-00-00'),
  (1630510, 773, 0, 7, 0, '2017-12-04', '0000-00-00'),
  (1630511, 773, 0, 8, 0, '2017-12-04', '0000-00-00'),
  (1630512, 773, 0, 9, 0, '2017-12-04', '0000-00-00'),
  (1630513, 773, 0, 10, 0, '2017-12-04', '0000-00-00'),
  (1630514, 773, 0, 11, 0, '2017-12-04', '0000-00-00'),
  (1630515, 773, 0, 12, 0, '2017-12-04', '0000-00-00'),
  (1630516, 773, 1, 0, 0, '2017-12-04', '0000-00-00'),
  (1630517, 773, 1, 1, 0, '2017-12-04', '0000-00-00'),
  (1630518, 773, 1, 2, 0, '2017-12-04', '0000-00-00'),
  (1630519, 773, 1, 3, 0, '2017-12-04', '0000-00-00'),
  (1630520, 773, 1, 4, 0, '2017-12-04', '0000-00-00'),
  (1630521, 773, 1, 5, 0, '2017-12-04', '0000-00-00'),
  (1630522, 773, 1, 6, 0, '2017-12-04', '0000-00-00'),
  (1630523, 773, 1, 7, 0, '2017-12-04', '0000-00-00'),
  (1630524, 773, 1, 8, 0, '2017-12-04', '0000-00-00'),
  (1630525, 773, 1, 9, 0, '2017-12-04', '0000-00-00'),
  (1630526, 773, 1, 10, 0, '2017-12-04', '0000-00-00'),
  (1630527, 773, 1, 11, 0, '2017-12-04', '0000-00-00'),
  (1630528, 773, 1, 12, 0, '2017-12-04', '0000-00-00'),
  (1630529, 773, 2, 0, 0, '2017-12-04', '0000-00-00'),
  (1630530, 773, 2, 1, 0, '2017-12-04', '0000-00-00'),
  (1630531, 773, 2, 2, 0, '2017-12-04', '0000-00-00'),
  (1630532, 773, 2, 3, 0, '2017-12-04', '0000-00-00'),
  (1630533, 773, 2, 4, 0, '2017-12-04', '0000-00-00'),
  (1630534, 773, 2, 5, 0, '2017-12-04', '0000-00-00'),
  (1630535, 773, 2, 6, 0, '2017-12-04', '0000-00-00'),
  (1630536, 773, 2, 7, 0, '2017-12-04', '0000-00-00'),
  (1630537, 773, 2, 8, 0, '2017-12-04', '0000-00-00'),
  (1630538, 773, 2, 9, 0, '2017-12-04', '0000-00-00'),
  (1630539, 773, 2, 10, 0, '2017-12-04', '0000-00-00'),
  (1630540, 773, 2, 11, 0, '2017-12-04', '0000-00-00'),
  (1630541, 773, 2, 12, 0, '2017-12-04', '0000-00-00'),
  (1630542, 773, 3, 0, 0, '2017-12-04', '0000-00-00'),
  (1630543, 773, 3, 1, 0, '2017-12-04', '0000-00-00'),
  (1630544, 773, 3, 2, 0, '2017-12-04', '0000-00-00'),
  (1630545, 773, 3, 3, 0, '2017-12-04', '0000-00-00'),
  (1630546, 773, 3, 4, 0, '2017-12-04', '0000-00-00'),
  (1630547, 773, 3, 5, 0, '2017-12-04', '0000-00-00'),
  (1630548, 773, 3, 6, 0, '2017-12-04', '0000-00-00'),
  (1630549, 773, 3, 7, 0, '2017-12-04', '0000-00-00'),
  (1630550, 773, 3, 8, 0, '2017-12-04', '0000-00-00'),
  (1630551, 773, 3, 9, 0, '2017-12-04', '0000-00-00'),
  (1630552, 773, 3, 10, 0, '2017-12-04', '0000-00-00'),
  (1630553, 773, 3, 11, 0, '2017-12-04', '0000-00-00'),
  (1630554, 773, 3, 12, 0, '2017-12-04', '0000-00-00'),
  (1630555, 773, 4, 0, 0, '2017-12-04', '0000-00-00'),
  (1630556, 773, 4, 1, 0, '2017-12-04', '0000-00-00'),
  (1630557, 773, 4, 2, 0, '2017-12-04', '0000-00-00'),
  (1630558, 773, 4, 3, 0, '2017-12-04', '0000-00-00'),
  (1630559, 773, 4, 4, 0, '2017-12-04', '0000-00-00'),
  (1630560, 773, 4, 5, 0, '2017-12-04', '0000-00-00'),
  (1630561, 773, 4, 6, 0, '2017-12-04', '0000-00-00'),
  (1630562, 773, 4, 7, 0, '2017-12-04', '0000-00-00'),
  (1630563, 773, 4, 8, 0, '2017-12-04', '0000-00-00'),
  (1630564, 773, 4, 9, 0, '2017-12-04', '0000-00-00'),
  (1630565, 773, 4, 10, 0, '2017-12-04', '0000-00-00'),
  (1630566, 773, 4, 11, 0, '2017-12-04', '0000-00-00'),
  (1630567, 773, 4, 12, 0, '2017-12-04', '0000-00-00'),
  (1630568, 773, 5, 0, 0, '2017-12-04', '0000-00-00'),
  (1630569, 773, 5, 1, 0, '2017-12-04', '0000-00-00'),
  (1630570, 773, 5, 2, 0, '2017-12-04', '0000-00-00'),
  (1630571, 773, 5, 3, 0, '2017-12-04', '0000-00-00'),
  (1630572, 773, 5, 4, 0, '2017-12-04', '0000-00-00'),
  (1630573, 773, 5, 5, 0, '2017-12-04', '0000-00-00'),
  (1630574, 773, 5, 6, 0, '2017-12-04', '0000-00-00'),
  (1630575, 773, 5, 7, 0, '2017-12-04', '0000-00-00'),
  (1630576, 773, 5, 8, 0, '2017-12-04', '0000-00-00'),
  (1630577, 773, 5, 9, 0, '2017-12-04', '0000-00-00'),
  (1630578, 773, 5, 10, 0, '2017-12-04', '0000-00-00'),
  (1630579, 773, 5, 11, 0, '2017-12-04', '0000-00-00'),
  (1630580, 773, 5, 12, 0, '2017-12-04', '0000-00-00'),
  (1630581, 773, 6, 0, 0, '2017-12-04', '0000-00-00'),
  (1630582, 773, 6, 1, 0, '2017-12-04', '0000-00-00'),
  (1630583, 773, 6, 2, 0, '2017-12-04', '0000-00-00'),
  (1630584, 773, 6, 3, 0, '2017-12-04', '0000-00-00'),
  (1630585, 773, 6, 4, 0, '2017-12-04', '0000-00-00'),
  (1630586, 773, 6, 5, 0, '2017-12-04', '0000-00-00'),
  (1630587, 773, 6, 6, 0, '2017-12-04', '0000-00-00'),
  (1630588, 773, 6, 7, 0, '2017-12-04', '0000-00-00'),
  (1630589, 773, 6, 8, 0, '2017-12-04', '0000-00-00'),
  (1630590, 773, 6, 9, 0, '2017-12-04', '0000-00-00'),
  (1630591, 773, 6, 10, 0, '2017-12-04', '0000-00-00'),
  (1630592, 773, 6, 11, 0, '2017-12-04', '0000-00-00'),
  (1630593, 773, 6, 12, 0, '2017-12-04', '0000-00-00'),
  (1630594, 773, 7, 0, 0, '2017-12-04', '0000-00-00'),
  (1630595, 773, 7, 1, 0, '2017-12-04', '0000-00-00'),
  (1630596, 773, 7, 2, 0, '2017-12-04', '0000-00-00'),
  (1630597, 773, 7, 3, 0, '2017-12-04', '0000-00-00'),
  (1630598, 773, 7, 4, 0, '2017-12-04', '0000-00-00'),
  (1630599, 773, 7, 5, 0, '2017-12-04', '0000-00-00'),
  (1630600, 773, 7, 6, 0, '2017-12-04', '0000-00-00'),
  (1630601, 773, 7, 7, 0, '2017-12-04', '0000-00-00'),
  (1630602, 773, 7, 8, 0, '2017-12-04', '0000-00-00'),
  (1630603, 773, 7, 9, 0, '2017-12-04', '0000-00-00'),
  (1630604, 773, 7, 10, 0, '2017-12-04', '0000-00-00'),
  (1630605, 773, 7, 11, 0, '2017-12-04', '0000-00-00'),
  (1630606, 773, 7, 12, 0, '2017-12-04', '0000-00-00'),
  (1630607, 773, 8, 0, 0, '2017-12-04', '0000-00-00'),
  (1630608, 773, 8, 1, 0, '2017-12-04', '0000-00-00'),
  (1630609, 773, 8, 2, 0, '2017-12-04', '0000-00-00'),
  (1630610, 773, 8, 3, 0, '2017-12-04', '0000-00-00'),
  (1630611, 773, 8, 4, 0, '2017-12-04', '0000-00-00'),
  (1630612, 773, 8, 5, 0, '2017-12-04', '0000-00-00'),
  (1630613, 773, 8, 6, 0, '2017-12-04', '0000-00-00'),
  (1630614, 773, 8, 7, 0, '2017-12-04', '0000-00-00'),
  (1630615, 773, 8, 8, 0, '2017-12-04', '0000-00-00'),
  (1630616, 773, 8, 9, 0, '2017-12-04', '0000-00-00'),
  (1630617, 773, 8, 10, 0, '2017-12-04', '0000-00-00'),
  (1630618, 773, 8, 11, 0, '2017-12-04', '0000-00-00'),
  (1630619, 773, 8, 12, 0, '2017-12-04', '0000-00-00'),
  (1630620, 773, 9, 0, 0, '2017-12-04', '0000-00-00'),
  (1630621, 773, 9, 1, 0, '2017-12-04', '0000-00-00'),
  (1630622, 773, 9, 2, 0, '2017-12-04', '0000-00-00'),
  (1630623, 773, 9, 3, 0, '2017-12-04', '0000-00-00'),
  (1630624, 773, 9, 4, 0, '2017-12-04', '0000-00-00'),
  (1630625, 773, 9, 5, 0, '2017-12-04', '0000-00-00'),
  (1630626, 773, 9, 6, 0, '2017-12-04', '0000-00-00'),
  (1630627, 773, 9, 7, 0, '2017-12-04', '0000-00-00'),
  (1630628, 773, 9, 8, 0, '2017-12-04', '0000-00-00'),
  (1630629, 773, 9, 9, 0, '2017-12-04', '0000-00-00'),
  (1630630, 773, 9, 10, 0, '2017-12-04', '0000-00-00'),
  (1630631, 773, 9, 11, 0, '2017-12-04', '0000-00-00'),
  (1630632, 773, 9, 12, 0, '2017-12-04', '0000-00-00'),
  (1630633, 773, 10, 0, 0, '2017-12-04', '0000-00-00'),
  (1630634, 773, 10, 1, 0, '2017-12-04', '0000-00-00'),
  (1630635, 773, 10, 2, 0, '2017-12-04', '0000-00-00'),
  (1630636, 773, 10, 3, 0, '2017-12-04', '0000-00-00'),
  (1630637, 773, 10, 4, 0, '2017-12-04', '0000-00-00'),
  (1630638, 773, 10, 5, 0, '2017-12-04', '0000-00-00'),
  (1630639, 773, 10, 6, 0, '2017-12-04', '0000-00-00'),
  (1630640, 773, 10, 7, 0, '2017-12-04', '0000-00-00'),
  (1630641, 773, 10, 8, 0, '2017-12-04', '0000-00-00'),
  (1630642, 773, 10, 9, 0, '2017-12-04', '0000-00-00'),
  (1630643, 773, 10, 10, 0, '2017-12-04', '0000-00-00'),
  (1630644, 773, 10, 11, 0, '2017-12-04', '0000-00-00'),
  (1630645, 773, 10, 12, 0, '2017-12-04', '0000-00-00'),
  (1630646, 773, 11, 0, 0, '2017-12-04', '0000-00-00'),
  (1630647, 773, 11, 1, 0, '2017-12-04', '0000-00-00'),
  (1630648, 773, 11, 2, 0, '2017-12-04', '0000-00-00'),
  (1630649, 773, 11, 3, 0, '2017-12-04', '0000-00-00'),
  (1630650, 773, 11, 4, 0, '2017-12-04', '0000-00-00'),
  (1630651, 773, 11, 5, 0, '2017-12-04', '0000-00-00'),
  (1630652, 773, 11, 6, 0, '2017-12-04', '0000-00-00'),
  (1630653, 773, 11, 7, 0, '2017-12-04', '0000-00-00'),
  (1630654, 773, 11, 8, 0, '2017-12-04', '0000-00-00'),
  (1630655, 773, 11, 9, 0, '2017-12-04', '0000-00-00'),
  (1630656, 773, 11, 10, 0, '2017-12-04', '0000-00-00'),
  (1630657, 773, 11, 11, 0, '2017-12-04', '0000-00-00'),
  (1630658, 773, 11, 12, 0, '2017-12-04', '0000-00-00'),
  (1630659, 773, 12, 0, 0, '2017-12-04', '0000-00-00'),
  (1630660, 773, 12, 1, 0, '2017-12-04', '0000-00-00'),
  (1630661, 773, 12, 2, 0, '2017-12-04', '0000-00-00'),
  (1630662, 773, 12, 3, 0, '2017-12-04', '0000-00-00'),
  (1630663, 773, 12, 4, 0, '2017-12-04', '0000-00-00'),
  (1630664, 773, 12, 5, 0, '2017-12-04', '0000-00-00'),
  (1630665, 773, 12, 6, 0, '2017-12-04', '0000-00-00'),
  (1630666, 773, 12, 7, 0, '2017-12-04', '0000-00-00'),
  (1630667, 773, 12, 8, 0, '2017-12-04', '0000-00-00'),
  (1630668, 773, 12, 9, 0, '2017-12-04', '0000-00-00'),
  (1630669, 773, 12, 10, 0, '2017-12-04', '0000-00-00'),
  (1630670, 773, 12, 11, 0, '2017-12-04', '0000-00-00'),
  (1630671, 773, 12, 12, 0, '2017-12-04', '0000-00-00'),
  (1630672, 774, 0, 0, 0, '2017-12-04', '0000-00-00'),
  (1630673, 775, 0, 0, 0, '2017-12-04', '0000-00-00'),
  (1630674, 775, 0, 1, 0, '2017-12-04', '0000-00-00'),
  (1630675, 775, 0, 2, 0, '2017-12-04', '0000-00-00'),
  (1630676, 775, 0, 3, 0, '2017-12-04', '0000-00-00'),
  (1630677, 775, 0, 4, 0, '2017-12-04', '0000-00-00'),
  (1630678, 775, 0, 5, 0, '2017-12-04', '0000-00-00'),
  (1630679, 775, 0, 6, 0, '2017-12-04', '0000-00-00'),
  (1630680, 775, 0, 7, 0, '2017-12-04', '0000-00-00'),
  (1630681, 775, 0, 8, 0, '2017-12-04', '0000-00-00'),
  (1630682, 775, 0, 9, 0, '2017-12-04', '0000-00-00'),
  (1630683, 775, 0, 10, 0, '2017-12-04', '0000-00-00'),
  (1630684, 775, 0, 11, 0, '2017-12-04', '0000-00-00'),
  (1630685, 775, 0, 12, 0, '2017-12-04', '0000-00-00'),
  (1630686, 775, 0, 13, 0, '2017-12-04', '0000-00-00'),
  (1630687, 775, 0, 14, 0, '2017-12-04', '0000-00-00'),
  (1630688, 775, 0, 15, 0, '2017-12-04', '0000-00-00'),
  (1630689, 775, 0, 16, 0, '2017-12-04', '0000-00-00'),
  (1630690, 775, 0, 17, 0, '2017-12-04', '0000-00-00'),
  (1630691, 775, 0, 18, 0, '2017-12-04', '0000-00-00'),
  (1630692, 775, 0, 19, 0, '2017-12-04', '0000-00-00'),
  (1630693, 775, 0, 20, 0, '2017-12-04', '0000-00-00'),
  (1630694, 775, 0, 21, 0, '2017-12-04', '0000-00-00'),
  (1630695, 775, 0, 22, 0, '2017-12-04', '0000-00-00'),
  (1630696, 775, 0, 23, 0, '2017-12-04', '0000-00-00'),
  (1630697, 775, 0, 24, 0, '2017-12-04', '0000-00-00'),
  (1630698, 775, 0, 25, 0, '2017-12-04', '0000-00-00'),
  (1630699, 775, 0, 26, 0, '2017-12-04', '0000-00-00'),
  (1630700, 775, 0, 27, 0, '2017-12-04', '0000-00-00'),
  (1630701, 775, 0, 28, 0, '2017-12-04', '0000-00-00'),
  (1630702, 775, 0, 29, 0, '2017-12-04', '0000-00-00'),
  (1630703, 775, 0, 30, 0, '2017-12-04', '0000-00-00'),
  (1630704, 775, 0, 31, 0, '2017-12-04', '0000-00-00'),
  (1630705, 775, 0, 32, 0, '2017-12-04', '0000-00-00'),
  (1630706, 775, 0, 33, 0, '2017-12-04', '0000-00-00'),
  (1630707, 775, 0, 34, 0, '2017-12-04', '0000-00-00'),
  (1630708, 775, 0, 35, 0, '2017-12-04', '0000-00-00'),
  (1630709, 775, 0, 36, 0, '2017-12-04', '0000-00-00'),
  (1630710, 775, 0, 37, 0, '2017-12-04', '0000-00-00'),
  (1630711, 775, 0, 38, 0, '2017-12-04', '0000-00-00'),
  (1630712, 775, 0, 39, 0, '2017-12-04', '0000-00-00'),
  (1630713, 775, 0, 40, 0, '2017-12-04', '0000-00-00'),
  (1630714, 775, 0, 41, 0, '2017-12-04', '0000-00-00'),
  (1630715, 775, 0, 42, 0, '2017-12-04', '0000-00-00'),
  (1630716, 775, 0, 43, 0, '2017-12-04', '0000-00-00'),
  (1630717, 775, 0, 44, 0, '2017-12-04', '0000-00-00'),
  (1630718, 775, 0, 45, 0, '2017-12-04', '0000-00-00'),
  (1630719, 775, 0, 46, 0, '2017-12-04', '0000-00-00'),
  (1630720, 775, 0, 47, 0, '2017-12-04', '0000-00-00'),
  (1630721, 775, 0, 48, 0, '2017-12-04', '0000-00-00'),
  (1630722, 775, 0, 49, 0, '2017-12-04', '0000-00-00'),
  (1630723, 775, 0, 50, 0, '2017-12-04', '0000-00-00'),
  (1630724, 775, 0, 51, 0, '2017-12-04', '0000-00-00'),
  (1630725, 775, 0, 52, 0, '2017-12-04', '0000-00-00'),
  (1630726, 775, 0, 53, 0, '2017-12-04', '0000-00-00'),
  (1630727, 775, 0, 54, 0, '2017-12-04', '0000-00-00'),
  (1630728, 775, 0, 55, 0, '2017-12-04', '0000-00-00'),
  (1630729, 775, 0, 56, 0, '2017-12-04', '0000-00-00'),
  (1630730, 775, 0, 57, 0, '2017-12-04', '0000-00-00'),
  (1630731, 775, 0, 58, 0, '2017-12-04', '0000-00-00'),
  (1630732, 775, 0, 59, 0, '2017-12-04', '0000-00-00'),
  (1630733, 775, 0, 60, 0, '2017-12-04', '0000-00-00'),
  (1630734, 775, 0, 61, 0, '2017-12-04', '0000-00-00'),
  (1630735, 775, 0, 62, 0, '2017-12-04', '0000-00-00'),
  (1630736, 775, 0, 63, 0, '2017-12-04', '0000-00-00'),
  (1630737, 775, 0, 64, 0, '2017-12-04', '0000-00-00'),
  (1630738, 775, 0, 65, 0, '2017-12-04', '0000-00-00'),
  (1630739, 775, 0, 66, 0, '2017-12-04', '0000-00-00'),
  (1630740, 775, 0, 67, 0, '2017-12-04', '0000-00-00'),
  (1630741, 775, 0, 68, 0, '2017-12-04', '0000-00-00'),
  (1630742, 775, 0, 69, 0, '2017-12-04', '0000-00-00'),
  (1630743, 775, 0, 70, 0, '2017-12-04', '0000-00-00'),
  (1630744, 775, 0, 71, 0, '2017-12-04', '0000-00-00'),
  (1630745, 775, 0, 72, 0, '2017-12-04', '0000-00-00'),
  (1630746, 775, 0, 73, 0, '2017-12-04', '0000-00-00'),
  (1630747, 775, 0, 74, 0, '2017-12-04', '0000-00-00'),
  (1630748, 775, 0, 75, 0, '2017-12-04', '0000-00-00'),
  (1630749, 775, 0, 76, 0, '2017-12-04', '0000-00-00'),
  (1630750, 775, 0, 77, 0, '2017-12-04', '0000-00-00'),
  (1630751, 775, 0, 78, 0, '2017-12-04', '0000-00-00'),
  (1630752, 775, 0, 79, 0, '2017-12-04', '0000-00-00'),
  (1630753, 775, 0, 80, 0, '2017-12-04', '0000-00-00'),
  (1630754, 775, 0, 81, 0, '2017-12-04', '0000-00-00'),
  (1630755, 775, 0, 82, 0, '2017-12-04', '0000-00-00'),
  (1630756, 775, 0, 83, 0, '2017-12-04', '0000-00-00'),
  (1630757, 775, 0, 84, 0, '2017-12-04', '0000-00-00'),
  (1630758, 775, 0, 85, 0, '2017-12-04', '0000-00-00'),
  (1630759, 775, 0, 86, 0, '2017-12-04', '0000-00-00'),
  (1630760, 775, 0, 87, 0, '2017-12-04', '0000-00-00'),
  (1630761, 775, 0, 88, 0, '2017-12-04', '0000-00-00'),
  (1630762, 775, 0, 89, 0, '2017-12-04', '0000-00-00'),
  (1630763, 775, 0, 90, 0, '2017-12-04', '0000-00-00'),
  (1630764, 775, 0, 91, 0, '2017-12-04', '0000-00-00'),
  (1630765, 775, 0, 92, 0, '2017-12-04', '0000-00-00'),
  (1630766, 775, 0, 93, 0, '2017-12-04', '0000-00-00'),
  (1630767, 775, 0, 94, 0, '2017-12-04', '0000-00-00'),
  (1630768, 775, 0, 95, 0, '2017-12-04', '0000-00-00'),
  (1630769, 775, 0, 96, 0, '2017-12-04', '0000-00-00'),
  (1630770, 775, 0, 97, 0, '2017-12-04', '0000-00-00'),
  (1630771, 775, 0, 98, 0, '2017-12-04', '0000-00-00'),
  (1630772, 775, 0, 99, 0, '2017-12-04', '0000-00-00'),
  (1630773, 775, 0, 100, 0, '2017-12-04', '0000-00-00'),
  (1630774, 775, 0, 101, 0, '2017-12-04', '0000-00-00'),
  (1630775, 775, 0, 102, 0, '2017-12-04', '0000-00-00'),
  (1630776, 775, 0, 103, 0, '2017-12-04', '0000-00-00'),
  (1630777, 775, 0, 104, 0, '2017-12-04', '0000-00-00'),
  (1630778, 775, 0, 105, 0, '2017-12-04', '0000-00-00'),
  (1630779, 775, 0, 106, 0, '2017-12-04', '0000-00-00'),
  (1630780, 775, 0, 107, 0, '2017-12-04', '0000-00-00'),
  (1630781, 775, 0, 108, 0, '2017-12-04', '0000-00-00'),
  (1630782, 775, 0, 109, 0, '2017-12-04', '0000-00-00'),
  (1630783, 775, 0, 110, 0, '2017-12-04', '0000-00-00'),
  (1630784, 775, 0, 111, 0, '2017-12-04', '0000-00-00'),
  (1630785, 775, 0, 112, 0, '2017-12-04', '0000-00-00'),
  (1630786, 775, 0, 113, 0, '2017-12-04', '0000-00-00'),
  (1630787, 775, 0, 114, 0, '2017-12-04', '0000-00-00'),
  (1630788, 775, 0, 115, 0, '2017-12-04', '0000-00-00'),
  (1630789, 775, 0, 116, 0, '2017-12-04', '0000-00-00'),
  (1630790, 775, 0, 117, 0, '2017-12-04', '0000-00-00'),
  (1630791, 775, 0, 118, 0, '2017-12-04', '0000-00-00'),
  (1630792, 775, 0, 119, 0, '2017-12-04', '0000-00-00'),
  (1630793, 775, 0, 120, 0, '2017-12-04', '0000-00-00'),
  (1630794, 775, 0, 121, 0, '2017-12-04', '0000-00-00'),
  (1630795, 775, 0, 122, 0, '2017-12-04', '0000-00-00'),
  (1630796, 776, 0, 0, 0, '2017-12-11', '0000-00-00'),
  (1630797, 776, 0, 1, 0, '2017-12-11', '0000-00-00'),
  (1630798, 776, 1, 0, 0, '2017-12-11', '0000-00-00'),
  (1630799, 776, 1, 1, 0, '2017-12-11', '0000-00-00');

-- --------------------------------------------------------

--
-- Table structure for table `days`
--

CREATE TABLE `days` (
  `day_id` INT(11)                    NOT NULL,
  `days`   VARCHAR(15)
           COLLATE utf8mb4_unicode_ci NOT NULL
)
  ENGINE = InnoDB
  DEFAULT CHARSET = utf8mb4
  COLLATE = utf8mb4_unicode_ci;

--
-- Dumping data for table `days`
--

INSERT INTO `days` (`day_id`, `days`) VALUES
  (1, 'Monday'),
  (2, 'Tuesday'),
  (3, 'Wednesday'),
  (4, 'Thursday'),
  (5, 'Friday'),
  (6, 'Saturday'),
  (7, 'Sunday');

-- --------------------------------------------------------

--
-- Table structure for table `products`
--

CREATE TABLE `products` (
  `product_id`           INT(11)   NOT NULL,
  `product_type_id`      INT(11)   NOT NULL,
  `product_price`        FLOAT     NOT NULL,
  `product_expire_date`  TIMESTAMP NOT NULL DEFAULT CURRENT_TIMESTAMP ON UPDATE CURRENT_TIMESTAMP,
  `product_size`         INT(11)   NOT NULL,
  `cell_id`              INT(11)   NOT NULL,
  `product_date_created` DATETIME  NOT NULL,
  `product_date_updated` DATETIME  NOT NULL
)
  ENGINE = InnoDB
  DEFAULT CHARSET = utf8mb4
  COLLATE = utf8mb4_unicode_ci;

--
-- Dumping data for table `products`
--

INSERT INTO `products` (`product_id`, `product_type_id`, `product_price`, `product_expire_date`, `product_size`, `cell_id`, `product_date_created`, `product_date_updated`)
VALUES
  (40309, 1, 1, '0000-00-00 00:00:00', 1, 1630144, '2017-11-28 12:00:02', '0000-00-00 00:00:00'),
  (40310, 1, 1, '0000-00-00 00:00:00', 1, 1630144, '2017-11-28 12:00:02', '0000-00-00 00:00:00'),
  (40311, 1, 1, '0000-00-00 00:00:00', 1, 1630144, '2017-11-28 12:00:02', '0000-00-00 00:00:00'),
  (40312, 1, 1, '0000-00-00 00:00:00', 1, 1630145, '2017-11-28 12:00:02', '0000-00-00 00:00:00'),
  (40313, 1, 1, '0000-00-00 00:00:00', 1, 1630145, '2017-11-28 12:00:02', '0000-00-00 00:00:00'),
  (40314, 1, 1, '0000-00-00 00:00:00', 1, 1630145, '2017-11-28 12:00:02', '0000-00-00 00:00:00'),
  (40315, 1, 1, '0000-00-00 00:00:00', 1, 1630146, '2017-11-28 12:00:02', '0000-00-00 00:00:00'),
  (40316, 1, 1, '0000-00-00 00:00:00', 1, 1630146, '2017-11-28 12:00:02', '0000-00-00 00:00:00'),
  (40317, 1, 1, '0000-00-00 00:00:00', 1, 1630146, '2017-11-28 12:00:02', '0000-00-00 00:00:00'),
  (40318, 1, 1, '0000-00-00 00:00:00', 1, 1630147, '2017-11-28 12:00:02', '0000-00-00 00:00:00'),
  (40319, 1, 1, '0000-00-00 00:00:00', 1, 1630147, '2017-11-28 12:00:02', '0000-00-00 00:00:00'),
  (40320, 1, 1, '0000-00-00 00:00:00', 1, 1630147, '2017-11-28 12:00:02', '0000-00-00 00:00:00'),
  (40321, 2, 4, '0000-00-00 00:00:00', 2, 1630148, '2017-11-28 12:00:02', '0000-00-00 00:00:00'),
  (40322, 2, 4, '0000-00-00 00:00:00', 2, 1630148, '2017-11-28 12:00:02', '0000-00-00 00:00:00'),
  (40323, 2, 4, '0000-00-00 00:00:00', 2, 1630149, '2017-11-28 12:00:02', '0000-00-00 00:00:00'),
  (40324, 2, 4, '0000-00-00 00:00:00', 2, 1630149, '2017-11-28 12:00:02', '0000-00-00 00:00:00'),
  (40325, 2, 4, '0000-00-00 00:00:00', 2, 1630150, '2017-11-28 12:00:02', '0000-00-00 00:00:00'),
  (40326, 2, 4, '0000-00-00 00:00:00', 2, 1630150, '2017-11-28 12:00:02', '0000-00-00 00:00:00'),
  (40327, 2, 4, '0000-00-00 00:00:00', 2, 1630151, '2017-11-28 12:00:02', '0000-00-00 00:00:00'),
  (40328, 2, 4, '0000-00-00 00:00:00', 2, 1630151, '2017-11-28 12:00:02', '0000-00-00 00:00:00'),
  (40329, 2, 4, '0000-00-00 00:00:00', 2, 1630152, '2017-11-28 12:00:02', '0000-00-00 00:00:00'),
  (40330, 2, 4, '0000-00-00 00:00:00', 2, 1630152, '2017-11-28 12:00:02', '0000-00-00 00:00:00'),
  (40331, 1, 3, '0000-00-00 00:00:00', 1, 1630153, '2017-11-29 16:21:13', '0000-00-00 00:00:00'),
  (40332, 1, 3, '0000-00-00 00:00:00', 1, 1630153, '2017-11-29 16:21:13', '0000-00-00 00:00:00'),
  (40333, 1, 3, '0000-00-00 00:00:00', 1, 1630153, '2017-11-29 16:21:13', '0000-00-00 00:00:00'),
  (40334, 1, 3, '0000-00-00 00:00:00', 1, 1630153, '2017-11-29 16:21:13', '0000-00-00 00:00:00'),
  (40335, 1, 3, '0000-00-00 00:00:00', 1, 1630153, '2017-11-29 16:21:13', '0000-00-00 00:00:00'),
  (40336, 1, 3, '0000-00-00 00:00:00', 1, 1630154, '2017-11-29 16:21:13', '0000-00-00 00:00:00'),
  (40337, 1, 3, '0000-00-00 00:00:00', 1, 1630154, '2017-11-29 16:21:13', '0000-00-00 00:00:00'),
  (40338, 1, 3, '0000-00-00 00:00:00', 1, 1630154, '2017-11-29 16:21:13', '0000-00-00 00:00:00'),
  (40339, 1, 3, '0000-00-00 00:00:00', 1, 1630154, '2017-11-29 16:21:13', '0000-00-00 00:00:00'),
  (40340, 1, 3, '0000-00-00 00:00:00', 1, 1630154, '2017-11-29 16:21:13', '0000-00-00 00:00:00'),
  (40341, 1, 3, '0000-00-00 00:00:00', 1, 1630155, '2017-11-29 16:21:13', '0000-00-00 00:00:00'),
  (40342, 1, 3, '0000-00-00 00:00:00', 1, 1630155, '2017-11-29 16:21:13', '0000-00-00 00:00:00'),
  (40343, 1, 3, '0000-00-00 00:00:00', 1, 1630155, '2017-11-29 16:21:13', '0000-00-00 00:00:00'),
  (40344, 1, 2, '2018-03-02 07:03:15', 1, 1630503, '2017-12-08 11:19:15', '0000-00-00 00:00:00'),
  (40345, 1, 2, '2018-03-02 07:03:15', 1, 1630503, '2017-12-08 11:19:15', '0000-00-00 00:00:00'),
  (40346, 1, 2, '2018-03-02 07:03:15', 1, 1630503, '2017-12-08 11:19:15', '0000-00-00 00:00:00'),
  (40347, 1, 2, '2018-03-02 07:03:15', 1, 1630503, '2017-12-08 11:19:15', '0000-00-00 00:00:00'),
  (40348, 1, 2, '2018-03-02 07:03:15', 1, 1630503, '2017-12-08 11:19:15', '0000-00-00 00:00:00'),
  (40349, 1, 2, '2018-03-02 07:03:15', 1, 1630503, '2017-12-08 11:19:15', '0000-00-00 00:00:00'),
  (40350, 1, 2, '2018-03-02 07:03:15', 1, 1630503, '2017-12-08 11:19:15', '0000-00-00 00:00:00'),
  (40351, 1, 2, '2018-03-02 07:03:15', 1, 1630503, '2017-12-08 11:19:15', '0000-00-00 00:00:00'),
  (40352, 1, 2, '2018-03-02 07:03:15', 1, 1630503, '2017-12-08 11:19:15', '0000-00-00 00:00:00'),
  (40353, 1, 2, '2018-03-02 07:03:15', 1, 1630503, '2017-12-08 11:19:15', '0000-00-00 00:00:00'),
  (40354, 1, 2, '2018-03-02 07:03:15', 1, 1630503, '2017-12-08 11:19:15', '0000-00-00 00:00:00'),
  (40355, 1, 2, '2018-03-02 07:03:15', 1, 1630503, '2017-12-08 11:19:15', '0000-00-00 00:00:00'),
  (40356, 1, 2, '2018-03-02 07:03:15', 1, 1630503, '2017-12-08 11:19:15', '0000-00-00 00:00:00'),
  (40357, 1, 2, '2018-03-02 07:03:15', 1, 1630504, '2017-12-08 11:19:15', '0000-00-00 00:00:00'),
  (40358, 1, 2, '2018-03-02 07:03:15', 1, 1630504, '2017-12-08 11:19:15', '0000-00-00 00:00:00'),
  (40359, 1, 2, '2018-03-02 07:03:15', 1, 1630504, '2017-12-08 11:19:15', '0000-00-00 00:00:00'),
  (40360, 1, 2, '2018-03-02 07:03:15', 1, 1630504, '2017-12-08 11:19:15', '0000-00-00 00:00:00'),
  (40361, 1, 2, '2018-03-02 07:03:15', 1, 1630504, '2017-12-08 11:19:15', '0000-00-00 00:00:00'),
  (40362, 1, 2, '2018-03-02 07:03:15', 1, 1630504, '2017-12-08 11:19:15', '0000-00-00 00:00:00'),
  (40363, 1, 2, '2018-03-02 07:03:15', 1, 1630504, '2017-12-08 11:19:15', '0000-00-00 00:00:00'),
  (40364, 1, 2, '2018-03-02 07:03:15', 1, 1630504, '2017-12-08 11:19:15', '0000-00-00 00:00:00'),
  (40365, 1, 2, '2018-03-02 07:03:15', 1, 1630504, '2017-12-08 11:19:15', '0000-00-00 00:00:00'),
  (40366, 1, 2, '2018-03-02 07:03:15', 1, 1630504, '2017-12-08 11:19:15', '0000-00-00 00:00:00'),
  (40367, 1, 2, '2018-03-02 07:03:15', 1, 1630504, '2017-12-08 11:19:15', '0000-00-00 00:00:00'),
  (40368, 1, 2, '2018-03-02 07:03:15', 1, 1630504, '2017-12-08 11:19:15', '0000-00-00 00:00:00'),
  (40369, 1, 2, '2018-03-02 07:03:15', 1, 1630504, '2017-12-08 11:19:15', '0000-00-00 00:00:00'),
  (40370, 1, 2, '2018-03-02 07:03:15', 1, 1630505, '2017-12-08 11:19:15', '0000-00-00 00:00:00'),
  (40371, 1, 2, '2018-03-02 07:03:15', 1, 1630505, '2017-12-08 11:19:15', '0000-00-00 00:00:00'),
  (40372, 1, 2, '2018-03-02 07:03:15', 1, 1630505, '2017-12-08 11:19:15', '0000-00-00 00:00:00'),
  (40373, 1, 2, '2018-03-02 07:03:15', 1, 1630505, '2017-12-08 11:19:15', '0000-00-00 00:00:00'),
  (40374, 1, 2, '2018-03-02 07:03:15', 1, 1630505, '2017-12-08 11:19:15', '0000-00-00 00:00:00'),
  (40375, 1, 2, '2018-03-02 07:03:15', 1, 1630505, '2017-12-08 11:19:15', '0000-00-00 00:00:00'),
  (40376, 1, 2, '2018-03-02 07:03:15', 1, 1630505, '2017-12-08 11:19:15', '0000-00-00 00:00:00'),
  (40377, 1, 2, '2018-03-02 07:03:15', 1, 1630505, '2017-12-08 11:19:15', '0000-00-00 00:00:00'),
  (40378, 1, 2, '2018-03-02 07:03:15', 1, 1630505, '2017-12-08 11:19:15', '0000-00-00 00:00:00'),
  (40379, 1, 2, '2018-03-02 07:03:15', 1, 1630505, '2017-12-08 11:19:15', '0000-00-00 00:00:00'),
  (40380, 1, 2, '2018-03-02 07:03:15', 1, 1630505, '2017-12-08 11:19:15', '0000-00-00 00:00:00'),
  (40381, 1, 2, '2018-03-02 07:03:15', 1, 1630505, '2017-12-08 11:19:15', '0000-00-00 00:00:00'),
  (40382, 1, 2, '2018-03-02 07:03:15', 1, 1630505, '2017-12-08 11:19:15', '0000-00-00 00:00:00'),
  (40383, 1, 2, '2018-03-02 07:03:15', 1, 1630506, '2017-12-08 11:19:15', '0000-00-00 00:00:00'),
  (40384, 1, 2, '2018-03-02 07:03:15', 1, 1630506, '2017-12-08 11:19:15', '0000-00-00 00:00:00'),
  (40385, 1, 2, '2018-03-02 07:03:15', 1, 1630506, '2017-12-08 11:19:15', '0000-00-00 00:00:00'),
  (40386, 1, 2, '2018-03-02 07:03:15', 1, 1630506, '2017-12-08 11:19:15', '0000-00-00 00:00:00'),
  (40387, 1, 2, '2018-03-02 07:03:15', 1, 1630506, '2017-12-08 11:19:15', '0000-00-00 00:00:00'),
  (40388, 1, 2, '2018-03-02 07:03:15', 1, 1630506, '2017-12-08 11:19:15', '0000-00-00 00:00:00'),
  (40389, 1, 2, '2018-03-02 07:03:15', 1, 1630506, '2017-12-08 11:19:15', '0000-00-00 00:00:00'),
  (40390, 1, 2, '2018-03-02 07:03:15', 1, 1630506, '2017-12-08 11:19:15', '0000-00-00 00:00:00'),
  (40391, 1, 2, '2018-03-02 07:03:15', 1, 1630506, '2017-12-08 11:19:15', '0000-00-00 00:00:00'),
  (40392, 1, 2, '2018-03-02 07:03:15', 1, 1630506, '2017-12-08 11:19:15', '0000-00-00 00:00:00'),
  (40393, 1, 2, '2018-03-02 07:03:15', 1, 1630506, '2017-12-08 11:19:15', '0000-00-00 00:00:00'),
  (40394, 1, 2, '2018-03-02 07:03:15', 1, 1630506, '2017-12-08 11:19:15', '0000-00-00 00:00:00'),
  (40395, 1, 2, '2018-03-02 07:03:15', 1, 1630506, '2017-12-08 11:19:15', '0000-00-00 00:00:00'),
  (40396, 1, 2, '2018-03-02 07:03:15', 1, 1630507, '2017-12-08 11:19:15', '0000-00-00 00:00:00'),
  (40397, 1, 2, '2018-03-02 07:03:15', 1, 1630507, '2017-12-08 11:19:15', '0000-00-00 00:00:00'),
  (40398, 1, 2, '2018-03-02 07:03:15', 1, 1630507, '2017-12-08 11:19:15', '0000-00-00 00:00:00'),
  (40399, 1, 1, '2019-04-04 23:04:14', 1, 1630673, '2017-12-11 16:56:15', '0000-00-00 00:00:00'),
  (40400, 1, 1, '2019-04-04 23:04:14', 1, 1630674, '2017-12-11 16:56:15', '0000-00-00 00:00:00'),
  (40401, 1, 1, '2019-04-04 23:04:14', 1, 1630675, '2017-12-11 16:56:15', '0000-00-00 00:00:00'),
  (40402, 1, 1, '2019-04-04 23:04:14', 1, 1630676, '2017-12-11 16:56:15', '0000-00-00 00:00:00'),
  (40403, 1, 1, '2019-04-04 23:04:14', 1, 1630677, '2017-12-11 16:56:15', '0000-00-00 00:00:00'),
  (40404, 1, 1, '2019-04-04 23:04:14', 1, 1630678, '2017-12-11 16:56:15', '0000-00-00 00:00:00'),
  (40405, 1, 5, '2019-04-04 23:04:14', 1, 1630679, '2017-12-11 16:56:15', '0000-00-00 00:00:00'),
  (40406, 1, 5, '2019-04-04 23:04:14', 1, 1630680, '2017-12-11 16:56:15', '0000-00-00 00:00:00'),
  (40407, 1, 1, '2018-02-01 00:02:04', 1, 1630681, '2017-12-11 16:57:04', '0000-00-00 00:00:00'),
  (40408, 1, 1, '2018-02-01 00:02:04', 1, 1630682, '2017-12-11 16:57:04', '0000-00-00 00:00:00'),
  (40409, 1, 1, '2018-02-01 00:02:04', 1, 1630683, '2017-12-11 16:57:04', '0000-00-00 00:00:00'),
  (40410, 1, 1, '2018-02-01 00:02:04', 1, 1630684, '2017-12-11 16:57:04', '0000-00-00 00:00:00'),
  (40411, 1, 1, '2018-02-01 00:02:04', 1, 1630685, '2017-12-11 16:57:04', '0000-00-00 00:00:00'),
  (40412, 1, 1, '2018-02-01 00:02:04', 1, 1630686, '2017-12-11 16:57:04', '0000-00-00 00:00:00'),
  (40413, 1, 2, '2018-02-01 00:02:04', 1, 1630687, '2017-12-11 16:57:04', '0000-00-00 00:00:00'),
  (40414, 1, 2, '2018-02-01 00:02:04', 1, 1630688, '2017-12-11 16:57:04', '0000-00-00 00:00:00'),
  (40415, 1, 1, '2019-02-01 01:02:16', 1, 1630689, '2017-12-11 17:04:16', '0000-00-00 00:00:00'),
  (40416, 1, 1, '2019-02-01 01:02:16', 1, 1630690, '2017-12-11 17:04:16', '0000-00-00 00:00:00');

-- --------------------------------------------------------

--
-- Table structure for table `product_types`
--

CREATE TABLE `product_types` (
  `product_type_id`   INT(11)                    NOT NULL,
  `product_type_name` VARCHAR(50)
                      COLLATE utf8mb4_unicode_ci NOT NULL
)
  ENGINE = InnoDB
  DEFAULT CHARSET = utf8mb4
  COLLATE = utf8mb4_unicode_ci;

--
-- Dumping data for table `product_types`
--

INSERT INTO `product_types` (`product_type_id`, `product_type_name`) VALUES
  (1, 'Cola'),
  (2, 'Chips'),
  (3, 'Snikers');

-- --------------------------------------------------------

--
-- Table structure for table `status`
--

CREATE TABLE `status` (
  `status_id` INT(11)                    NOT NULL,
  `status`    VARCHAR(15)
              COLLATE utf8mb4_unicode_ci NOT NULL
)
  ENGINE = InnoDB
  DEFAULT CHARSET = utf8mb4
  COLLATE = utf8mb4_unicode_ci;

--
-- Dumping data for table `status`
--

INSERT INTO `status` (`status_id`, `status`) VALUES
  (1, 'Active'),
  (2, 'Inactive'),
  (3, 'Pending');

-- --------------------------------------------------------

--
-- Table structure for table `vending_machines`
--

CREATE TABLE `vending_machines` (
  `vending_machine_id`           INT(11)  NOT NULL,
  `vending_machine_rows`         INT(11)  NOT NULL,
  `vending_machine_columns`      INT(11)  NOT NULL,
  `vending_machine_size`         INT(11)  NOT NULL,
  `vending_machine_date_created` DATETIME NOT NULL,
  `vending_machine_date_updated` DATETIME NOT NULL,
  `vending_machine_status_id`    INT(11)  NOT NULL
)
  ENGINE = InnoDB
  DEFAULT CHARSET = utf8mb4
  COLLATE = utf8mb4_unicode_ci;

--
-- Dumping data for table `vending_machines`
--

INSERT INTO `vending_machines` (`vending_machine_id`, `vending_machine_rows`, `vending_machine_columns`, `vending_machine_size`, `vending_machine_date_created`, `vending_machine_date_updated`, `vending_machine_status_id`)
VALUES
  (768, 6, 5, 5, '2017-11-28 11:56:54', '2017-12-06 15:54:22', 0),
  (769, 5, 55, 5, '2017-11-29 16:21:03', '0000-00-00 00:00:00', 0),
  (770, 5, 5, 5, '2017-12-04 11:27:47', '2017-12-11 17:41:25', 0),
  (771, 5, 5, 5, '2017-12-04 11:28:35', '2017-12-06 15:54:32', 0),
  (772, 33, 33, 33, '2017-12-04 11:33:59', '2017-12-06 15:54:38', 0),
  (773, 13, 13, 13, '2017-12-04 14:50:34', '0000-00-00 00:00:00', 0),
  (774, 3, 3, 13, '2017-12-04 15:41:10', '2017-12-12 10:27:33', 0),
  (775, 1, 123, 1, '2017-12-04 17:30:35', '0000-00-00 00:00:00', 0),
  (776, 3, 3, 5, '2017-12-11 17:19:50', '2017-12-11 17:52:59', 0);

--
-- Indexes for dumped tables
--

--
-- Indexes for table `active_days`
--
ALTER TABLE `active_days`
  ADD KEY `machine_id` (`machine_id`),
  ADD KEY `day_id` (`day_id`);

--
-- Indexes for table `cells`
--
ALTER TABLE `cells`
  ADD PRIMARY KEY (`cell_id`),
  ADD KEY `vending_machine_id` (`vending_machine_id`);

--
-- Indexes for table `days`
--
ALTER TABLE `days`
  ADD PRIMARY KEY (`day_id`);

--
-- Indexes for table `products`
--
ALTER TABLE `products`
  ADD PRIMARY KEY (`product_id`),
  ADD KEY `product_type` (`product_type_id`),
  ADD KEY `cell_id` (`cell_id`);

--
-- Indexes for table `product_types`
--
ALTER TABLE `product_types`
  ADD PRIMARY KEY (`product_type_id`);

--
-- Indexes for table `status`
--
ALTER TABLE `status`
  ADD PRIMARY KEY (`status_id`);

--
-- Indexes for table `vending_machines`
--
ALTER TABLE `vending_machines`
  ADD PRIMARY KEY (`vending_machine_id`);

--
-- AUTO_INCREMENT for dumped tables
--

--
-- AUTO_INCREMENT for table `cells`
--
ALTER TABLE `cells`
  MODIFY `cell_id` INT(11) NOT NULL AUTO_INCREMENT,
  AUTO_INCREMENT = 1630800;

--
-- AUTO_INCREMENT for table `days`
--
ALTER TABLE `days`
  MODIFY `day_id` INT(11) NOT NULL AUTO_INCREMENT,
  AUTO_INCREMENT = 8;

--
-- AUTO_INCREMENT for table `products`
--
ALTER TABLE `products`
  MODIFY `product_id` INT(11) NOT NULL AUTO_INCREMENT,
  AUTO_INCREMENT = 40417;

--
-- AUTO_INCREMENT for table `product_types`
--
ALTER TABLE `product_types`
  MODIFY `product_type_id` INT(11) NOT NULL AUTO_INCREMENT,
  AUTO_INCREMENT = 4;

--
-- AUTO_INCREMENT for table `status`
--
ALTER TABLE `status`
  MODIFY `status_id` INT(11) NOT NULL AUTO_INCREMENT,
  AUTO_INCREMENT = 5;

--
-- AUTO_INCREMENT for table `vending_machines`
--
ALTER TABLE `vending_machines`
  MODIFY `vending_machine_id` INT(11) NOT NULL AUTO_INCREMENT,
  AUTO_INCREMENT = 777;

--
-- Constraints for dumped tables
--

--
-- Constraints for table `active_days`
--
ALTER TABLE `active_days`
  ADD CONSTRAINT `active_days_ibfk_1` FOREIGN KEY (`machine_id`) REFERENCES `vending_machines` (`vending_machine_id`),
  ADD CONSTRAINT `active_days_ibfk_2` FOREIGN KEY (`day_id`) REFERENCES `days` (`day_id`);

--
-- Constraints for table `cells`
--
ALTER TABLE `cells`
  ADD CONSTRAINT `cells_ibfk_1` FOREIGN KEY (`vending_machine_id`) REFERENCES `vending_machines` (`vending_machine_id`);

--
-- Constraints for table `products`
--
ALTER TABLE `products`
  ADD CONSTRAINT `products_ibfk_1` FOREIGN KEY (`product_type_id`) REFERENCES `product_types` (`product_type_id`),
  ADD CONSTRAINT `products_ibfk_2` FOREIGN KEY (`cell_id`) REFERENCES `cells` (`cell_id`);
COMMIT;

/*!40101 SET CHARACTER_SET_CLIENT = @OLD_CHARACTER_SET_CLIENT */;
/*!40101 SET CHARACTER_SET_RESULTS = @OLD_CHARACTER_SET_RESULTS */;
/*!40101 SET COLLATION_CONNECTION = @OLD_COLLATION_CONNECTION */;
